"species","frequency_wc","freq"
"Abies alba","-1.991","697"
"Acer campestre","-1.912","484"
"Acer negundo","-1.525","42"
"Acer platanoides","-1.963","466"
"Acer pseudoplatanus","-1.969","1229"
"Achillea millefolium agg.","-0.612","4747"
"Achillea pannonica","-0.586","138"
"Achillea ptarmica","-0.328","245"
"Achillea setacea","-0.509","101"
"Acinos arvensis","-0.678","292"
"Aconitum firmum ssp. moravicum","-1.59","29"
"Aconitum lycoctonum","-1.942","45"
"Aconitum plicatum","-1.413","88"
"Aconitum variegatum","-1.5","69"
"Acorus calamus","-0.735","310"
"Actaea spicata","-1.99","639"
"Adenostyles alliariae","-1.478","73"
"Adonis aestivalis","0.179","123"
"Adonis vernalis","-0.998","73"
"Adoxa moschatellina","-1.938","191"
"Aegopodium podagraria","-1.519","2433"
"Aethusa cynapium","-0.75","418"
"Agrimonia eupatoria","-0.622","402"
"Agrostis canina","-0.893","1036"
"Agrostis capillaris","-0.999","2417"
"Agrostis gigantea","-0.881","213"
"Agrostis stolonifera","-0.762","1649"
"Agrostis vinealis","-0.8","205"
"Ajuga genevensis","-1.587","182"
"Ajuga reptans","-1.687","1533"
"Alchemilla glaucescens","-0.167","85"
"Alchemilla vulgaris s.lat.","-0.396","1994"
"Alisma gramineum","-0.576","51"
"Alisma lanceolatum","-0.736","73"
"Alisma plantago-aquatica","-0.646","988"
"Alliaria petiolata","-1.73","887"
"Allium angulosum","-0.092","35"
"Allium flavum","-1.175","92"
"Allium oleraceum","-1.058","120"
"Allium schoenoprasum","-0.71","32"
"Allium scorodoprasum","-1.135","75"
"Allium senescens ssp. montanum","-1.199","238"
"Allium ursinum","-1.968","81"
"Allium vineale","-1.026","67"
"Alnus glutinosa","-1.852","606"
"Alnus incana","-1.859","145"
"Alopecurus aequalis","-0.456","767"
"Alopecurus geniculatus","-0.535","51"
"Alopecurus pratensis","-0.407","2445"
"Alyssum alyssoides","-0.228","88"
"Alyssum montanum","-0.544","108"
"Amaranthus albus","0.333","28"
"Amaranthus powellii","0.381","154"
"Amaranthus retroflexus","0.26","495"
"Anagallis arvensis","0.416","900"
"Anagallis foemina","0.492","76"
"Andromeda polifolia","-1.947","141"
"Anemonastrum narcissiflorum","-0.68","23"
"Anemone nemorosa","-1.808","1259"
"Anemone ranunculoides","-1.945","104"
"Anemone sylvestris","-0.816","46"
"Anethum graveolens","0.398","21"
"Angelica sylvestris","-1.011","1806"
"Antennaria dioica","-1.377","76"
"Anthemis arvensis","0.364","340"
"Anthemis cotula","0.058","77"
"Anthemis tinctoria","-1.341","63"
"Anthericum liliago","-1.247","158"
"Anthericum ramosum","-1.627","473"
"Anthoxanthum odoratum agg.","-0.711","2492"
"Anthriscus cerefolium","-0.927","23"
"Anthriscus nitidus","-1.738","126"
"Anthriscus sylvestris","-1.02","1594"
"Anthyllis vulneraria","-0.432","282"
"Apera spica-venti","0.13","506"
"Aphanes arvensis","0.5","211"
"Aquilegia vulgaris","-1.751","50"
"Arabidopsis arenosa","-1.743","226"
"Arabidopsis halleri","-1.254","230"
"Arabidopsis thaliana","-0.338","357"
"Arabis hirsuta agg.","-1.408","129"
"Arctium lappa","-0.98","345"
"Arctium minus","-0.8","163"
"Arctium nemorosum","-1.785","32"
"Arctium tomentosum","-0.576","443"
"Arenaria serpyllifolia agg.","-0.225","616"
"Aristolochia clematitis","-1.516","55"
"Armeria elongata ssp. elongata","-0.088","107"
"Armoracia rusticana","-0.362","149"
"Arnica montana","-1.271","84"
"Arrhenatherum elatius","-0.616","2866"
"Artemisia absinthium","-0.751","128"
"Artemisia campestris","-0.473","430"
"Artemisia pontica","-1.014","28"
"Artemisia vulgaris","-0.394","2425"
"Arum cylindraceum","-1.962","31"
"Arum maculatum","-1.916","43"
"Aruncus dioicus","-1.901","114"
"Asarum europaeum","-1.949","996"
"Asparagus officinalis","-1.132","47"
"Asperula cynanchica","-0.622","747"
"Asperula tinctoria","-1.642","90"
"Asplenium cuneifolium","-1.689","56"
"Asplenium ruta-muraria","-1.407","199"
"Asplenium septentrionale","-1.309","197"
"Asplenium trichomanes","-1.678","233"
"Aster amellus","-1.077","152"
"Astragalus austriacus","-0.092","90"
"Astragalus cicer","-0.12","23"
"Astragalus danicus","-0.029","44"
"Astragalus exscapus","-0.196","35"
"Astragalus glycyphyllos","-1.728","325"
"Astragalus onobrychis","-0.384","74"
"Astrantia major","-1.813","117"
"Athyrium distentifolium","-1.661","202"
"Athyrium filix-femina","-1.882","1608"
"Atriplex oblongifolia","-0.397","86"
"Atriplex patula","0.022","844"
"Atriplex prostrata ssp. latifolia","-0.153","160"
"Atriplex sagittata","-0.174","390"
"Atriplex tatarica","0.115","106"
"Atropa bella-donna","-1.739","49"
"Aurinia saxatilis ssp. saxatilis","-1.234","145"
"Avena fatua","0.442","406"
"Avenella flexuosa","-1.782","2137"
"Avenula pubescens","-0.429","783"
"Ballota nigra","-0.752","755"
"Barbarea vulgaris","-0.807","114"
"Bartsia alpina","-0.658","22"
"Bassia scoparia","0.477","21"
"Batrachium aquatile s.lat.","-0.523","320"
"Batrachium circinatum","-0.485","167"
"Batrachium fluitans","-0.483","82"
"Batrachium trichophyllum","-0.554","84"
"Bellis perennis","-0.094","245"
"Berberis vulgaris","-1.748","56"
"Berteroa incana","-0.449","173"
"Berula erecta","-0.682","146"
"Betonica officinalis","-1.508","515"
"Betula carpatica","-1.801","40"
"Betula pendula","-1.879","704"
"Betula pubescens","-1.92","121"
"Bidens cernuus","-0.493","268"
"Bidens frondosus","-0.78","678"
"Bidens radiatus","-0.3","278"
"Bidens tripartitus","-0.493","503"
"Bifora radians","-0.109","20"
"Biscutella laevigata ssp. varia","-1.219","40"
"Bistorta officinalis","-0.744","1143"
"Blechnum spicant","-1.86","56"
"Bolboschoenus maritimus agg.","-0.516","244"
"Bothriochloa ischaemum","-0.405","217"
"Brachypodium pinnatum","-1.303","1085"
"Brachypodium sylvaticum","-1.864","969"
"Briza media","-0.386","1704"
"Bromus benekenii","-1.96","347"
"Bromus erectus","-0.303","427"
"Bromus hordeaceus","0.014","248"
"Bromus inermis","-0.817","178"
"Bromus japonicus","-0.048","32"
"Bromus ramosus","-1.936","39"
"Bromus sterilis","-0.676","385"
"Bromus tectorum","-0.298","218"
"Bryonia alba","-1.057","35"
"Buglossoides arvensis","0.208","175"
"Buglossoides purpurocaerulea","-1.921","78"
"Bunias orientalis","-0.232","42"
"Bupleurum falcatum","-1.337","488"
"Butomus umbellatus","-0.637","287"
"Calamagrostis arundinacea","-1.902","1099"
"Calamagrostis canescens","-1.193","315"
"Calamagrostis epigejos","-1.228","1098"
"Calamagrostis pseudophragmites","-0.621","35"
"Calamagrostis villosa","-1.74","988"
"Calla palustris","-1.07","88"
"Callitriche hamulata","-0.581","139"
"Callitriche palustris agg.","-0.577","549"
"Calluna vulgaris","-1.678","886"
"Caltha palustris","-1.103","1840"
"Calystegia sepium","-0.722","761"
"Camelina microcarpa","0.033","65"
"Campanula bohemica","-0.525","63"
"Campanula bononiensis","-1.656","29"
"Campanula glomerata","-1.079","204"
"Campanula latifolia","-1.717","22"
"Campanula patula","-0.451","1110"
"Campanula persicifolia","-1.881","707"
"Campanula rapunculoides","-1.614","1009"
"Campanula rotundifolia agg.","-1.289","1047"
"Campanula sibirica","-0.09","52"
"Campanula trachelium","-1.902","778"
"Capsella bursa-pastoris","0.155","1947"
"Cardamine amara ssp. amara","-1.382","732"
"Cardamine flexuosa","-1.685","73"
"Cardamine hirsuta","-0.385","22"
"Cardamine impatiens","-1.934","252"
"Cardamine matthioli","-0.253","43"
"Cardamine pratensis","-0.459","1304"
"Carduus acanthoides","-0.374","461"
"Carduus crispus","-0.957","289"
"Carduus nutans","-0.529","67"
"Carduus personata","-1.235","78"
"Carex acuta","-0.751","1284"
"Carex acutiformis","-1.073","401"
"Carex appropinquata","-0.514","60"
"Carex bigelowii ssp. dacica","-1.101","61"
"Carex bohemica","-0.385","364"
"Carex brizoides","-1.627","593"
"Carex buekii","-0.815","97"
"Carex canescens","-1.236","532"
"Carex caryophyllea","-0.87","383"
"Carex cespitosa","-0.744","149"
"Carex davalliana","-0.677","169"
"Carex demissa","-0.701","135"
"Carex diandra","-0.674","128"
"Carex digitata","-1.966","598"
"Carex dioica","-0.823","38"
"Carex distans","-0.272","69"
"Carex disticha","-0.543","174"
"Carex echinata","-1.032","705"
"Carex elata","-0.918","140"
"Carex elongata","-1.557","124"
"Carex flacca","-0.794","408"
"Carex flava","-0.579","296"
"Carex hartmanii","-0.395","99"
"Carex hirta","-0.435","760"
"Carex humilis","-1.212","565"
"Carex lasiocarpa","-0.934","91"
"Carex leporina","-0.832","475"
"Carex limosa","-1.251","74"
"Carex michelii","-1.612","101"
"Carex montana","-1.852","359"
"Carex muricata agg.","-1.718","431"
"Carex nigra","-0.923","1639"
"Carex otrubae","-0.609","61"
"Carex pallescens","-1.115","695"
"Carex panicea","-0.522","1385"
"Carex paniculata","-1.096","113"
"Carex pauciflora","-1.885","86"
"Carex pendula","-1.54","52"
"Carex pilosa","-1.988","449"
"Carex pilulifera","-1.593","554"
"Carex praecox","-0.693","154"
"Carex pseudocyperus","-0.868","133"
"Carex pulicaris","-0.58","115"
"Carex remota","-1.715","402"
"Carex riparia","-0.917","318"
"Carex rostrata","-0.903","1032"
"Carex secalina","-0.1","31"
"Carex supina","-0.479","100"
"Carex sylvatica","-1.905","795"
"Carex tomentosa","-0.471","181"
"Carex umbrosa","-1.273","51"
"Carex vesicaria","-0.815","721"
"Carex vulpina","-0.498","219"
"Carlina acaulis","-0.351","552"
"Carlina vulgaris agg.","-0.704","282"
"Carpinus betulus","-1.969","1233"
"Carum carvi","-0.055","175"
"Caucalis platycarpos","0.118","70"
"Centaurea cyanus","0.508","422"
"Centaurea jacea","-0.3","1358"
"Centaurea phrygia agg.","-0.588","46"
"Centaurea scabiosa","-0.69","647"
"Centaurea stoebe","-0.497","682"
"Centaurea triumfetti","-1.365","95"
"Centaurium erythraea","-0.744","48"
"Centaurium pulchellum","-0.511","47"
"Cephalanthera damasonium","-1.976","70"
"Cephalanthera longifolia","-1.983","52"
"Cerastium arvense","-0.602","450"
"Cerastium dubium","-0.14","21"
"Cerastium glomeratum","-0.433","34"
"Cerastium holosteoides ssp. vulgare","-0.225","1806"
"Cerastium lucorum","-1.01","77"
"Cerastium pumilum agg.","0.008","74"
"Cerastium semidecandrum","-0.162","54"
"Ceratophyllum demersum","-0.298","644"
"Ceratophyllum submersum","-0.309","78"
"Cerinthe minor","-0.175","31"
"Chaerophyllum aromaticum","-1.123","614"
"Chaerophyllum aureum","-0.735","87"
"Chaerophyllum bulbosum","-0.771","127"
"Chaerophyllum hirsutum","-1.377","1144"
"Chaerophyllum temulum","-1.674","351"
"Chamaecytisus austriacus","0","27"
"Chamaecytisus ratisbonensis","-0.814","86"
"Chamaecytisus supinus","-1.519","50"
"Chamaecytisus virescens","-0.797","26"
"Chara globularis","-0.516","43"
"Chara vulgaris","-0.511","87"
"Chelidonium majus","-1.395","748"
"Chenopodium album agg.","-0.054","2217"
"Chenopodium bonus-henricus","-0.466","115"
"Chenopodium ficifolium","0.101","154"
"Chenopodium glaucum","0.046","191"
"Chenopodium hybridum","-0.248","231"
"Chenopodium polyspermum","-0.013","486"
"Chenopodium rubrum","-0.15","149"
"Chondrilla juncea","-0.766","42"
"Chrysosplenium alternifolium","-1.646","513"
"Chrysosplenium oppositifolium","-1.636","60"
"Cicerbita alpina","-1.622","112"
"Cichorium intybus","-0.169","266"
"Cicuta virosa","-1.067","74"
"Circaea alpina","-1.842","144"
"Circaea lutetiana","-1.908","442"
"Circaea x intermedia","-1.832","100"
"Cirsium acaulon","-0.533","259"
"Cirsium arvense","-0.298","2894"
"Cirsium canum","-0.257","451"
"Cirsium eriophorum","-0.233","44"
"Cirsium heterophyllum","-1.002","211"
"Cirsium oleraceum","-1.135","1232"
"Cirsium palustre","-0.874","1724"
"Cirsium pannonicum","-0.71","106"
"Cirsium rivulare","-0.413","543"
"Cirsium vulgare","-0.714","298"
"Clematis recta","-1.697","73"
"Clematis vitalba","-1.537","53"
"Clinopodium vulgare","-1.716","462"
"Cnidium dubium","-0.505","56"
"Colchicum autumnale","-1.092","516"
"Coleanthus subtilis","-0.071","101"
"Comarum palustre","-0.835","499"
"Conium maculatum","-0.623","72"
"Conringia orientalis","0.523","38"
"Consolida regalis","0.188","361"
"Convallaria majalis","-1.964","721"
"Convolvulus arvensis","-0.156","1882"
"Conyza canadensis","-0.154","764"
"Cornus mas","-1.905","129"
"Cornus sanguinea","-1.862","472"
"Coronilla vaginalis","0","30"
"Corydalis cava","-1.95","102"
"Corydalis intermedia","-1.867","22"
"Corydalis solida","-1.973","45"
"Corylus avellana","-1.93","796"
"Corynephorus canescens","-0.035","147"
"Cota austriaca","0.204","70"
"Cotoneaster integerrimus","-1.587","219"
"Crambe tataria","0.032","20"
"Crataegus levigata","-1.893","270"
"Crataegus monogyna s.lat.","-1.787","299"
"Crepis biennis","-0.347","571"
"Crepis capillaris","-0.001","38"
"Crepis conyzifolia","-0.564","54"
"Crepis foetida ssp. rhoeadifolia","-0.249","32"
"Crepis mollis","-0.302","336"
"Crepis paludosa","-1.3","1175"
"Crepis praemorsa","-1.375","40"
"Cruciata laevipes","-1.439","85"
"Cruciata verna","-1.175","372"
"Cuscuta epithymum","-0.576","41"
"Cuscuta europaea","-0.88","90"
"Cyclamen purpurascens","-1.99","36"
"Cymbalaria muralis","-0.725","49"
"Cynodon dactylon","-0.081","44"
"Cynoglossum officinale","-0.62","21"
"Cynosurus cristatus","-0.142","385"
"Cyperus fuscus","-0.251","172"
"Cystopteris fragilis","-1.753","191"
"Cytisus nigricans","-1.714","234"
"Cytisus procumbens","-0.93","39"
"Cytisus scoparius","-1.545","47"
"Dactylis glomerata","-0.931","3752"
"Dactylis polygama","-1.929","450"
"Dactylorhiza incarnata","-0.574","24"
"Dactylorhiza maculata agg.","-1.361","103"
"Dactylorhiza majalis","-0.449","451"
"Danthonia decumbens","-1.045","394"
"Daphne mezereum","-1.977","442"
"Datura stramonium","0.264","25"
"Daucus carota","-0.149","1224"
"Dentaria bulbifera","-1.971","700"
"Dentaria enneaphyllos","-1.988","277"
"Dentaria glandulosa","-1.967","91"
"Deschampsia cespitosa","-1.296","2746"
"Descurainia sophia","-0.053","443"
"Dianthus carthusianorum agg.","-0.896","698"
"Dianthus deltoides","-0.248","265"
"Dianthus superbus","-1.614","33"
"Dictamnus albus","-1.658","145"
"Digitalis grandiflora","-1.871","175"
"Digitalis purpurea","-1.201","52"
"Digitaria ischaemum","0.381","50"
"Digitaria sanguinalis","-0.032","77"
"Diplotaxis muralis","-0.178","26"
"Dipsacus fullonum","-0.289","47"
"Doronicum austriacum","-1.533","45"
"Dorycnium pentaphyllum agg.","-0.728","201"
"Drosera rotundifolia","-1.348","305"
"Dryopteris carthusiana","-1.903","767"
"Dryopteris dilatata","-1.91","1173"
"Dryopteris filix-mas","-1.931","1595"
"Echinochloa crus-galli","-0.029","746"
"Echinocystis lobata","-0.462","42"
"Echinops sphaerocephalus","-0.371","126"
"Echium vulgare","-0.391","651"
"Elatine hexandra","-0.541","21"
"Elatine hydropiper agg.","-0.375","89"
"Elatine triandra","-0.222","84"
"Eleocharis acicularis","-0.56","398"
"Eleocharis ovata","-0.313","270"
"Eleocharis palustris agg.","-0.642","547"
"Eleocharis uniglumis","-0.407","54"
"Elodea canadensis","-0.511","388"
"Elymus caninus","-1.612","390"
"Elymus hispidus","-0.66","221"
"Elymus repens","-0.396","3344"
"Empetrum nigrum agg.","-1.927","108"
"Epilobium adenocaulon","-0.868","525"
"Epilobium alpestre","-0.939","22"
"Epilobium alsinifolium","-0.498","20"
"Epilobium angustifolium","-1.317","534"
"Epilobium collinum","-1.251","78"
"Epilobium hirsutum","-0.612","260"
"Epilobium montanum","-1.796","720"
"Epilobium obscurum","-0.65","163"
"Epilobium palustre","-0.766","711"
"Epilobium parviflorum","-0.654","64"
"Epilobium roseum","-1.144","106"
"Epilobium tetragonum agg.","-0.357","110"
"Epipactis atrorubens","-1.536","31"
"Epipactis helleborine agg.","-1.946","131"
"Epipactis palustris","-0.625","61"
"Epipactis purpurata","-2","20"
"Equisetum arvense","-0.938","1603"
"Equisetum fluviatile","-0.809","1121"
"Equisetum palustre","-0.697","1413"
"Equisetum pratense","-1.086","21"
"Equisetum sylvaticum","-1.481","604"
"Equisetum telmateia","-1.063","26"
"Eragrostis minor","0.521","67"
"Erigeron acris agg.","-0.152","71"
"Erigeron annuus agg.","-0.515","126"
"Eriophorum angustifolium","-0.976","866"
"Eriophorum latifolium","-0.667","236"
"Eriophorum vaginatum","-1.896","423"
"Erodium cicutarium","0.228","333"
"Erophila verna","0.05","205"
"Eryngium campestre","-0.429","550"
"Erysimum cheiranthoides","0.2","330"
"Erysimum crepidifolium","-0.87","130"
"Erysimum diffusum","-0.612","32"
"Erysimum odoratum","-1.436","21"
"Erysimum virgatum agg.","-0.907","34"
"Euonymus europaeus","-1.804","282"
"Euonymus verrucosus","-1.926","100"
"Eupatorium cannabinum","-1.113","274"
"Euphorbia amygdaloides","-1.99","381"
"Euphorbia cyparissias","-1.177","1676"
"Euphorbia dulcis","-1.958","323"
"Euphorbia epithymoides","-1.709","36"
"Euphorbia esula","-0.417","161"
"Euphorbia exigua","0.424","270"
"Euphorbia falcata","0.523","28"
"Euphorbia helioscopia","0.464","734"
"Euphorbia peplus","0.045","74"
"Euphorbia platyphyllos","-0.102","39"
"Euphorbia virgata","-0.72","79"
"Euphrasia officinalis","-0.341","182"
"Euphrasia stricta","-0.412","69"
"Fagus sylvatica","-1.986","1937"
"Falcaria vulgaris","-0.455","289"
"Fallopia convolvulus","-0.739","1646"
"Fallopia dumetorum","-1.44","237"
"Festuca altissima","-1.985","392"
"Festuca arundinacea","-0.183","64"
"Festuca brevipila","-0.425","123"
"Festuca filiformis","-0.764","91"
"Festuca gigantea","-1.773","683"
"Festuca heterophylla","-1.963","231"
"Festuca ovina","-1.631","1209"
"Festuca pallens","-1.272","322"
"Festuca pratensis","-0.198","1713"
"Festuca psammophila ssp. dominii","0","23"
"Festuca psammophila ssp. psammophila","-0.035","25"
"Festuca rubra","-0.547","3036"
"Festuca rupicola","-0.713","1096"
"Festuca supina","-0.759","78"
"Festuca valesiaca","-0.47","408"
"Ficaria verna ssp. verna","-1.69","490"
"Filago arvensis","-0.949","39"
"Filago minima","0.05","47"
"Filipendula ulmaria","-1.063","2025"
"Filipendula vulgaris","-0.776","340"
"Fourraea alpina","-1.914","31"
"Fragaria moschata","-1.882","464"
"Fragaria vesca","-1.795","1278"
"Fragaria viridis","-0.989","696"
"Frangula alnus","-1.893","422"
"Fraxinus angustifolia","-1.835","67"
"Fraxinus excelsior","-1.917","996"
"Fumaria officinalis","0.052","281"
"Fumaria rostellata","0.523","26"
"Fumaria vaillantii","-0.425","64"
"Gagea bohemica","0.009","35"
"Gagea lutea","-1.846","79"
"Galanthus nivalis","-1.923","22"
"Galatella linosyris","-0.281","193"
"Galeobdolon luteum agg.","-1.941","1771"
"Galeopsis angustifolia","-0.84","59"
"Galeopsis ladanum","-1.285","91"
"Galeopsis pubescens","-1.697","387"
"Galeopsis speciosa","-1.768","218"
"Galeopsis tetrahit agg.","-1.316","1836"
"Galinsoga parviflora","0.085","407"
"Galinsoga quadriradiata","0.276","354"
"Galium aparine","-1.252","3052"
"Galium boreale ssp. boreale","-1.102","393"
"Galium glaucum","-1.247","311"
"Galium intermedium","-1.971","182"
"Galium mollugo agg.","-0.914","2227"
"Galium odoratum","-1.968","1764"
"Galium palustre agg.","-0.923","2342"
"Galium pumilum agg.","-1.419","482"
"Galium rivale","-0.457","34"
"Galium rotundifolium","-1.974","152"
"Galium saxatile","-1.503","259"
"Galium spurium","0.242","168"
"Galium sylvaticum","-1.968","706"
"Galium tricornutum","-0.698","22"
"Galium uliginosum","-0.53","1502"
"Galium verum agg.","-0.739","1320"
"Galium x pomeranicum","-0.386","23"
"Genista germanica","-1.828","116"
"Genista pilosa","-1.554","132"
"Genista tinctoria","-1.659","402"
"Gentiana asclepiadea","-1.464","150"
"Gentianella germanica s.lat.","-0.702","30"
"Gentianopsis ciliata","-0.602","34"
"Geranium columbinum","-0.001","42"
"Geranium dissectum","0.462","219"
"Geranium palustre","-0.608","314"
"Geranium phaeum","-1.584","52"
"Geranium pratense","-0.334","812"
"Geranium pusillum","0.058","558"
"Geranium pyrenaicum","-0.117","21"
"Geranium robertianum","-1.804","1754"
"Geranium sanguineum","-1.248","257"
"Geranium sylvaticum","-0.927","329"
"Geum rivale","-1.168","371"
"Geum urbanum","-1.677","1648"
"Gladiolus imbricatus","-0.155","28"
"Glechoma hederacea agg.","-1.372","1400"
"Globularia bisnagarica","-0.592","34"
"Glyceria declinata","-0.394","26"
"Glyceria fluitans","-0.951","1095"
"Glyceria maxima","-0.769","1120"
"Glyceria notata","-0.741","196"
"Gnaphalium sylvaticum","-1.235","107"
"Gnaphalium uliginosum","-0.072","616"
"Gratiola officinalis","-0.426","48"
"Gymnadenia conopsea","-0.558","83"
"Gymnocarpium dryopteris","-1.932","411"
"Gymnocarpium robertianum","-1.384","27"
"Gypsophila muralis","-0.042","93"
"Hacquetia epipactis","-1.986","120"
"Hedera helix","-1.956","242"
"Helianthemum canum","-0.386","53"
"Helianthemum grandiflorum","-0.704","414"
"Helianthus tuberosus","-0.399","135"
"Helichrysum arenarium","-0.513","54"
"Helictochloa pratensis","-0.684","263"
"Hepatica nobilis","-1.971","732"
"Heracleum mantegazzianum","-0.793","32"
"Heracleum sphondylium","-1.2","1947"
"Herniaria glabra","0.319","101"
"Hesperis matronalis","-1.233","27"
"Hieracium alpinum agg.","-0.72","75"
"Hieracium lachenalii","-1.862","681"
"Hieracium laevigatum","-1.632","142"
"Hieracium maculatum","-1.916","21"
"Hieracium murorum","-1.955","1519"
"Hieracium sabaudum s.lat.","-1.858","729"
"Hieracium schmidtii","-1.569","78"
"Hieracium umbellatum","-1.249","189"
"Holcus lanatus","-0.424","2155"
"Holcus mollis","-0.889","702"
"Holosteum umbellatum","-0.242","103"
"Homogyne alpina","-1.719","370"
"Hordelymus europaeus","-1.976","283"
"Hordeum murinum","-0.098","133"
"Hottonia palustris","-0.746","77"
"Humulus lupulus","-1.416","326"
"Huperzia selago","-1.649","40"
"Hydrocharis morsus-ranae","-0.343","148"
"Hydrocotyle vulgaris","-0.931","43"
"Hylotelephium telephium agg.","-1.567","628"
"Hyoscyamus niger","0.191","29"
"Hypericum hirsutum","-1.856","107"
"Hypericum maculatum","-0.676","1065"
"Hypericum montanum","-1.954","92"
"Hypericum perforatum","-1.245","1867"
"Hypericum tetrapterum","-0.599","112"
"Hypochaeris maculata","-0.516","56"
"Hypochaeris radicata","-0.389","286"
"Hypochaeris uniflora","-0.629","23"
"Impatiens glandulifera","-0.874","270"
"Impatiens noli-tangere","-1.798","1494"
"Impatiens parviflora","-1.7","1235"
"Inula britannica","-0.249","86"
"Inula conyzae","-1.571","112"
"Inula ensifolia","-0.857","137"
"Inula hirta","-1.305","97"
"Inula oculus-christi","-0.686","28"
"Inula salicina","-1.208","189"
"Iris pseudacorus","-1.077","506"
"Iris pumila","-1.07","32"
"Iris sibirica","-0.743","49"
"Iris variegata","-1.717","34"
"Isolepis setacea","-0.124","22"
"Isopyrum thalictroides","-1.987","93"
"Jasione montana","-1.194","264"
"Jovibarba globifera ssp. globifera","-0.389","78"
"Juncus acutiflorus","-0.45","82"
"Juncus alpinoarticulatus","-0.68","38"
"Juncus articulatus","-0.517","829"
"Juncus bufonius","-0.184","512"
"Juncus bulbosus","-0.686","168"
"Juncus compressus","-0.488","77"
"Juncus conglomeratus","-0.571","678"
"Juncus effusus","-0.908","2020"
"Juncus filiformis","-0.866","480"
"Juncus gerardii","-0.284","79"
"Juncus inflexus","-0.391","249"
"Juncus ranarius","-0.105","22"
"Juncus squarrosus","-0.957","55"
"Juncus tenuis","-0.16","90"
"Juniperus communis","-1.64","77"
"Jurinea mollis","0","30"
"Kickxia elatine","0.523","25"
"Kickxia spuria","0.496","36"
"Knautia arvensis agg.","-0.537","1509"
"Knautia drymeia","-1.904","62"
"Knautia maxima","-1.604","37"
"Koeleria glauca","0","31"
"Koeleria macrantha","-0.534","664"
"Koeleria pyramidata","-0.597","382"
"Lactuca perennis","-0.577","56"
"Lactuca serriola","-0.287","672"
"Lamium album","-0.648","596"
"Lamium amplexicaule","0.377","561"
"Lamium maculatum","-1.647","747"
"Lamium purpureum","-0.179","769"
"Lapsana communis","-1.222","1086"
"Larix decidua","-1.946","151"
"Laserpitium latifolium","-1.722","26"
"Laserpitium prutenicum","-1.23","26"
"Lathraea squamaria","-1.947","30"
"Lathyrus latifolius","-0.71","48"
"Lathyrus linifolius","-1.377","33"
"Lathyrus niger","-1.957","409"
"Lathyrus pannonicus","-1.687","27"
"Lathyrus pratensis","-0.387","2241"
"Lathyrus sylvestris","-1.215","38"
"Lathyrus tuberosus","0.063","316"
"Lathyrus vernus","-1.982","1074"
"Leersia oryzoides","-0.553","206"
"Lemna gibba","-0.322","408"
"Lemna minor","-0.515","3630"
"Lemna trisulca","-0.361","444"
"Leontodon hispidus","-0.321","1440"
"Leonurus cardiaca","-0.516","73"
"Lepidium campestre","-1.092","38"
"Lepidium coronopus","0.787","38"
"Lepidium draba","-0.43","218"
"Lepidium ruderale","0.289","215"
"Leucanthemum vulgare agg.","-0.39","1801"
"Libanotis pyrenaica","-1.102","49"
"Ligusticum mutellina","-0.968","40"
"Ligustrum vulgare","-1.865","241"
"Lilium martagon","-1.918","367"
"Limosella aquatica","-0.22","198"
"Linaria genistifolia","-1.398","109"
"Linaria vulgaris","-0.749","402"
"Linum catharticum","-0.336","725"
"Linum flavum","-0.702","34"
"Linum tenuifolium","-0.061","80"
"Listera ovata","-1.463","117"
"Littorella uniflora","-0.673","28"
"Lolium multiflorum","0.051","81"
"Lolium perenne","-0.004","1491"
"Lonicera nigra","-1.949","90"
"Lonicera xylosteum","-1.949","333"
"Lotus corniculatus","-0.616","1799"
"Lotus maritimus","-0.194","121"
"Lotus pedunculatus","-0.362","496"
"Lotus tenuis","-0.333","108"
"Lunaria rediviva","-1.9","186"
"Luzula campestris agg.","-0.913","1948"
"Luzula luzulina","-2","21"
"Luzula luzuloides","-1.899","1410"
"Luzula pilosa","-1.919","475"
"Luzula sylvatica","-1.794","216"
"Lychnis flos-cuculi","-0.468","1756"
"Lycium barbarum","-1.343","30"
"Lycopodium annotinum","-1.939","63"
"Lycopsis arvensis","0.503","135"
"Lycopus europaeus","-0.971","1470"
"Lysimachia nemorum","-1.709","437"
"Lysimachia nummularia","-1.238","1556"
"Lysimachia thyrsiflora","-1.169","209"
"Lysimachia vulgaris","-1.097","2114"
"Lythrum hyssopifolia","-0.118","23"
"Lythrum salicaria","-0.777","1511"
"Lythrum virgatum","-0.196","21"
"Maianthemum bifolium","-1.961","1148"
"Malva neglecta","0.204","228"
"Matricaria chamomilla","0.394","258"
"Matricaria discoidea","0.357","825"
"Medicago falcata","-0.508","464"
"Medicago lupulina","-0.207","1087"
"Medicago minima","-0.393","55"
"Medicago sativa","-0.083","139"
"Melampyrum arvense","-0.22","97"
"Melampyrum cristatum","-1.632","62"
"Melampyrum nemorosum","-1.794","267"
"Melampyrum pratense","-1.929","701"
"Melampyrum sylvaticum","-1.49","70"
"Melica ciliata","-1.171","50"
"Melica nutans","-1.957","1209"
"Melica picta","-1.818","34"
"Melica transsilvanica","-0.858","216"
"Melica uniflora","-1.98","523"
"Melilotus albus","-0.241","318"
"Melilotus dentatus","-0.206","61"
"Melilotus officinalis","-0.232","273"
"Melittis melissophyllum","-1.968","230"
"Mentha aquatica","-0.746","267"
"Mentha arvensis","-0.564","911"
"Mentha longifolia","-0.566","413"
"Mentha pulegium","-0.261","68"
"Mentha x verticillata agg.","-0.648","165"
"Menyanthes trifoliata","-0.769","281"
"Mercurialis annua","0.085","114"
"Mercurialis perennis","-1.966","1489"
"Meum athamanticum","-0.063","58"
"Microrrhinum minus","-0.027","153"
"Microthlaspi perfoliatum","-0.896","133"
"Milium effusum","-1.941","749"
"Minuartia setacea","-0.573","39"
"Moehringia trinervia","-1.872","1036"
"Molinia caerulea agg.","-1.443","1052"
"Monotropa hypopitys","-2","21"
"Montia fontana ssp. amporitana","-0.491","20"
"Muscari comosum","-0.648","33"
"Muscari tenuiflorum","-0.893","33"
"Mycelis muralis","-1.941","1430"
"Myosotis arvensis","-0.306","1093"
"Myosotis caespitosa","-1.029","65"
"Myosotis discolor","-0.237","35"
"Myosotis palustris agg.","-1.029","2428"
"Myosotis ramosissima","-0.959","97"
"Myosotis sparsiflora","-1.574","35"
"Myosotis stricta","-0.424","218"
"Myosotis sylvatica","-1.93","315"
"Myosoton aquaticum","-1.001","505"
"Myosurus minimus","0.171","35"
"Myriophyllum alterniflorum","-0.517","42"
"Myriophyllum spicatum","-0.499","328"
"Myriophyllum verticillatum","-0.573","64"
"Najas marina","-0.435","40"
"Nardus stricta","-0.803","1038"
"Nasturtium officinale","-0.634","25"
"Neottia nidus-avis","-2","205"
"Neslia paniculata","0.4","262"
"Nitella flexilis","-0.513","46"
"Noccaea caerulescens","-1.047","61"
"Noccaea montana","-1.79","39"
"Nonea pulla","-0.375","49"
"Nuphar lutea","-0.548","323"
"Nymphaea alba","-0.502","34"
"Nymphaea candida","-0.5","70"
"Nymphoides peltata","-0.439","37"
"Odontites luteus","0","47"
"Odontites vernus","0.013","194"
"Oenanthe aquatica","-0.626","792"
"Oenothera biennis s.lat.","-0.286","117"
"Omphalodes scorpioides","-1.874","30"
"Onobrychis arenaria","-0.015","57"
"Onobrychis viciifolia","-0.089","80"
"Ononis spinosa","-0.145","355"
"Onopordum acanthium","-0.565","69"
"Ophioglossum vulgatum","-0.943","27"
"Origanum vulgare","-1.358","259"
"Ornithogalum umbellatum agg.","-0.842","70"
"Orthilia secunda","-2","30"
"Oxalis acetosella","-1.914","2363"
"Oxalis stricta","-0.339","199"
"Oxytropis pilosa","-0.289","72"
"Papaver argemone","0.229","93"
"Papaver dubium agg.","0.114","70"
"Papaver rhoeas","0.256","605"
"Papaver somniferum","0.344","21"
"Paris quadrifolia","-1.961","508"
"Parnassia palustris","-0.622","204"
"Pastinaca sativa","-0.223","507"
"Pedicularis palustris","-0.669","96"
"Pedicularis sylvatica","-0.514","68"
"Peplis portula","-0.349","196"
"Persicaria amphibia","-0.573","872"
"Persicaria hydropiper","-0.698","1038"
"Persicaria lapathifolia","-0.193","1573"
"Persicaria maculosa","0.049","511"
"Persicaria minor","-0.9","107"
"Persicaria mitis","-0.762","132"
"Petasites albus","-1.744","555"
"Petasites hybridus","-1.071","336"
"Petasites kablikianus","-1.046","37"
"Petrorhagia prolifera","-0.019","25"
"Peucedanum alsaticum","-1.171","43"
"Peucedanum cervaria","-1.42","283"
"Peucedanum oreoselinum","-1.113","61"
"Peucedanum ostruthium","-1.217","21"
"Peucedanum palustre","-1.194","322"
"Phalaris arundinacea","-1.001","1891"
"Phegopteris connectilis","-1.873","215"
"Phleum alpinum","-0.503","43"
"Phleum phleoides","-0.878","372"
"Phleum pratense","-0.2","802"
"Phragmites australis","-0.816","1246"
"Phyteuma nigrum","-1.16","61"
"Phyteuma spicatum","-1.694","436"
"Picea abies","-1.956","1708"
"Picris hieracioides","-0.285","222"
"Pilosella bauhini","-1.03","116"
"Pilosella caespitosa agg.","-0.189","33"
"Pilosella cymosa","-1.384","62"
"Pilosella echioides","-0.767","52"
"Pilosella lactucella","-0.506","87"
"Pilosella officinarum","-1.071","1034"
"Pimpinella major","-1.058","543"
"Pimpinella saxifraga","-0.862","1574"
"Pinguicula vulgaris ssp. vulgaris","-0.908","30"
"Pinus mugo","-1.843","98"
"Pinus nigra","-1.595","24"
"Pinus sylvestris","-1.945","800"
"Pinus uncinata ssp. uliginosa","-2","51"
"Plantago lanceolata","-0.157","3113"
"Plantago major","-0.246","2019"
"Plantago maritima","-0.122","37"
"Plantago media","-0.285","995"
"Plantago uliginosa","-0.11","534"
"Platanthera bifolia","-1.817","155"
"Platanthera chlorantha","-1.706","20"
"Poa annua","-0.213","1749"
"Poa bulbosa","-0.572","116"
"Poa chaixii","-1.221","113"
"Poa compressa","-0.59","629"
"Poa nemoralis","-1.871","2540"
"Poa palustris","-0.785","1089"
"Poa pratensis agg.","-0.756","3609"
"Poa remota","-1.661","25"
"Poa supina","-0.752","20"
"Poa trivialis","-0.793","3016"
"Polygala amarella","-1.105","22"
"Polygala chamaebuxus","-1.777","33"
"Polygala comosa","-0.516","132"
"Polygala major","-0.088","85"
"Polygala vulgaris","-0.711","340"
"Polygonatum multiflorum","-1.981","666"
"Polygonatum odoratum","-1.855","453"
"Polygonatum verticillatum","-1.925","413"
"Polygonum aviculare agg.","0.203","2218"
"Polypodium vulgare agg.","-1.837","294"
"Polystichum aculeatum","-1.984","105"
"Populus nigra","-1.429","28"
"Populus tremula","-1.813","172"
"Portulaca oleracea","0.43","32"
"Potamogeton acutifolius","-0.45","67"
"Potamogeton alpinus","-0.641","49"
"Potamogeton crispus","-0.484","406"
"Potamogeton gramineus","-0.517","43"
"Potamogeton lucens","-0.515","190"
"Potamogeton natans","-0.542","651"
"Potamogeton nodosus","-0.485","62"
"Potamogeton obtusifolius","-0.464","89"
"Potamogeton perfoliatus","-0.5","50"
"Potamogeton pusillus agg.","-0.487","333"
"Potamogeton trichoides","-0.496","87"
"Potentilla alba","-1.638","165"
"Potentilla anserina","-0.243","712"
"Potentilla argentea","-0.448","486"
"Potentilla aurea","-0.7","107"
"Potentilla erecta","-0.962","1961"
"Potentilla heptaphylla","-0.61","332"
"Potentilla incana","-0.618","701"
"Potentilla norvegica","-0.439","41"
"Potentilla puberula","-0.661","28"
"Potentilla recta","-1.24","26"
"Potentilla reptans","-0.425","677"
"Potentilla supina","-0.15","178"
"Potentilla verna","-0.464","389"
"Prenanthes purpurea","-1.947","827"
"Primula elatior","-1.678","642"
"Primula veris","-1.645","415"
"Prunella grandiflora","-0.253","155"
"Prunella laciniata","-0.919","31"
"Prunella vulgaris","-0.669","1250"
"Prunus avium","-1.822","186"
"Prunus domestica","-1.116","26"
"Prunus fruticosa","-1.17","66"
"Prunus mahaleb","-1.555","27"
"Prunus padus ssp. padus","-1.921","245"
"Prunus spinosa","-1.542","343"
"Pseudofumaria lutea","-0.954","25"
"Pteridium aquilinum","-1.825","90"
"Puccinellia distans","0.038","133"
"Pulicaria vulgaris","-0.079","32"
"Pulmonaria angustifolia","-1.465","39"
"Pulmonaria mollis","-1.632","53"
"Pulmonaria officinalis agg.","-1.957","1286"
"Pulsatilla alpina ssp. alba","-0.881","30"
"Pulsatilla grandis","-0.374","77"
"Pulsatilla pratensis ssp. bohemica","-0.719","125"
"Pyrus communis","-1.816","34"
"Pyrus pyraster","-1.684","55"
"Quercus petraea agg.","-1.961","1236"
"Quercus pubescens agg.","-1.909","56"
"Quercus robur","-1.929","722"
"Ranunculus acris","-0.349","2838"
"Ranunculus arvensis","0.523","79"
"Ranunculus auricomus agg.","-1.088","1458"
"Ranunculus bulbosus","-0.123","210"
"Ranunculus flammula","-0.833","499"
"Ranunculus lanuginosus","-1.891","338"
"Ranunculus nemorosus","-1.354","88"
"Ranunculus platanifolius","-1.512","102"
"Ranunculus polyanthemos","-0.939","294"
"Ranunculus repens","-0.938","3511"
"Ranunculus sardous","0.197","25"
"Ranunculus sceleratus","-0.48","478"
"Raphanus raphanistrum","0.444","468"
"Rapistrum perenne","-0.888","21"
"Reseda lutea","-0.395","159"
"Reseda luteola","-0.025","20"
"Reynoutria japonica et x bohemica","-0.935","121"
"Rhamnus cathartica","-1.718","132"
"Rhinanthus alectorolophus","0.053","28"
"Rhinanthus major","-0.319","36"
"Rhinanthus minor","-0.129","458"
"Rhinanthus riphaeus","-0.544","20"
"Rhododendron tomentosum","-1.917","44"
"Rhynchospora alba","-0.814","62"
"Ribes alpinum","-1.894","87"
"Ribes rubrum","-1.862","64"
"Ribes uva-crispa","-1.836","357"
"Riccia fluitans","-0.435","176"
"Riccia rhenana","-0.469","95"
"Ricciocarpos natans","-0.462","117"
"Robinia pseudoacacia","-1.373","349"
"Rorippa amphibia","-0.628","408"
"Rorippa palustris","-0.367","659"
"Rorippa sylvestris","-0.446","155"
"Rosa canina agg.","-1.521","380"
"Rosa gallica","-1.565","68"
"Rosa pendulina","-1.862","69"
"Rosa rubiginosa agg.","-1.273","24"
"Rosa spinosissima","-1.5","23"
"Rubus caesius","-1.376","740"
"Rubus fruticosus agg.","-1.783","1585"
"Rubus idaeus","-1.757","1927"
"Rumex acetosa","-0.382","2913"
"Rumex acetosella","-0.982","1057"
"Rumex alpinus","-0.991","28"
"Rumex aquaticus","-0.9","141"
"Rumex arifolius","-1.441","212"
"Rumex conglomeratus","-1.322","65"
"Rumex crispus","-0.137","964"
"Rumex hydrolapathum","-0.739","91"
"Rumex maritimus","-0.402","611"
"Rumex obtusifolius","-0.832","1318"
"Rumex sanguineus","-1.701","116"
"Rumex thyrsiflorus","-0.195","69"
"Sagina procumbens","-0.146","230"
"Sagittaria sagittifolia","-0.604","298"
"Salix alba","-1.097","64"
"Salix aurita","-1.661","66"
"Salix caprea","-1.497","121"
"Salix cinerea","-1.487","104"
"Salix euxina","-1.398","170"
"Salix purpurea","-1.167","72"
"Salix repens agg.","-0.774","57"
"Salix silesiaca","-1.285","26"
"Salix triandra","-0.933","61"
"Salix viminalis","-0.661","54"
"Salvia glutinosa","-1.871","164"
"Salvia nemorosa","-0.577","100"
"Salvia pratensis","-0.658","670"
"Salvia verticillata","-0.403","195"
"Salvinia natans","-0.313","23"
"Sambucus ebulus","-0.456","40"
"Sambucus nigra","-1.769","763"
"Sambucus racemosa","-1.858","330"
"Sanguisorba minor","-0.522","934"
"Sanguisorba officinalis","-0.448","1805"
"Sanicula europaea","-1.978","478"
"Saponaria officinalis","-0.713","106"
"Saxifraga granulata","-0.464","184"
"Saxifraga paniculata","-0.909","28"
"Saxifraga rosacea ssp. sponhemica","-1.533","20"
"Scabiosa canescens","-0.649","164"
"Scabiosa columbaria","-0.513","23"
"Scabiosa ochroleuca","-0.383","618"
"Schoenoplectus lacustris","-0.656","198"
"Schoenoplectus tabernaemontani","-0.645","65"
"Scirpus radicans","-0.631","36"
"Scirpus sylvaticus","-0.725","1606"
"Scleranthus annuus","0.443","452"
"Scleranthus perennis","-0.93","209"
"Sclerochloa dura","0.673","57"
"Scorzonera hispanica","-0.927","45"
"Scorzonera humilis","-1.178","171"
"Scorzoneroides autumnalis","-0.251","543"
"Scrophularia nodosa","-1.813","1091"
"Scrophularia scopolii","-1.67","20"
"Scrophularia umbrosa","-0.988","60"
"Scutellaria galericulata","-0.994","646"
"Scutellaria hastifolia","-0.918","37"
"Securigera varia","-1.026","996"
"Sedum acre","-0.571","275"
"Sedum album","-0.728","292"
"Sedum reflexum","-1.303","179"
"Sedum sexangulare","-0.784","300"
"Selinum carvifolia","-1.013","344"
"Senecio aquaticus","-0.17","50"
"Senecio erraticus","-1.018","57"
"Senecio jacobaea","-0.487","196"
"Senecio nemorensis agg.","-1.837","2332"
"Senecio sylvaticus","-1.495","112"
"Senecio viscosus","-1.327","220"
"Senecio vulgaris","-0.154","269"
"Serratula tinctoria","-1.574","284"
"Seseli annuum","-0.484","67"
"Seseli hippomarathrum","-0.26","248"
"Seseli osseum","-0.895","327"
"Sesleria caerulea","-1.453","211"
"Setaria pumila","0.181","187"
"Setaria verticillata","0.369","44"
"Setaria viridis","0.306","229"
"Sherardia arvensis","0.519","253"
"Silaum silaus","-0.594","71"
"Silene baccifera","-1.049","33"
"Silene dioica","-1.573","422"
"Silene latifolia","-0.48","637"
"Silene noctiflora","0.442","399"
"Silene nutans","-1.802","396"
"Silene otites","-0.451","206"
"Silene vulgaris","-1.29","538"
"Sinapis alba","0.083","34"
"Sinapis arvensis","0.324","529"
"Sisymbrium altissimum","0.147","98"
"Sisymbrium loeselii","-0.294","189"
"Sisymbrium officinale","-0.037","311"
"Sium latifolium","-0.859","80"
"Solanum dulcamara","-1.154","615"
"Solanum lycopersicum","0.019","39"
"Solanum nigrum agg.","0.235","166"
"Soldanella montana","-1.9","75"
"Solidago canadensis","-0.585","269"
"Solidago gigantea","-0.869","144"
"Solidago virgaurea","-1.772","641"
"Sonchus arvensis","0.259","603"
"Sonchus asper","0.184","623"
"Sonchus oleraceus","-0.098","697"
"Sorbus aria agg.","-1.866","98"
"Sorbus aucuparia","-1.913","881"
"Sorbus torminalis","-1.958","176"
"Sparganium emersum","-0.646","420"
"Sparganium erectum","-0.687","644"
"Sparganium natans","-0.682","31"
"Spergula arvensis","0.486","386"
"Spergula morisonii","-0.145","71"
"Spergularia echinosperma","-0.249","29"
"Spergularia marina","0.038","32"
"Spergularia media","0.01","31"
"Spergularia rubra","0.086","214"
"Spiraea salicifolia","-1.661","27"
"Spirodela polyrhiza","-0.433","1602"
"Stachys alpina","-1.9","32"
"Stachys annua","0.426","77"
"Stachys palustris","-0.656","486"
"Stachys recta","-0.871","327"
"Stachys sylvatica","-1.812","887"
"Stellaria alsine","-1.219","345"
"Stellaria graminea","-0.313","1076"
"Stellaria holostea","-1.93","878"
"Stellaria media agg.","-0.877","1941"
"Stellaria nemorum","-1.692","885"
"Stellaria palustris","-0.826","133"
"Stipa capillata","-0.555","238"
"Stipa pennata","-0.634","136"
"Stipa pulcherrima","-0.362","73"
"Stipa tirsa","0","29"
"Stratiotes aloides","0","27"
"Streptopus amplexifolius","-1.901","69"
"Stuckenia pectinata","-0.474","376"
"Succisa pratensis","-0.565","619"
"Swertia perennis","-0.655","33"
"Symphyotrichum novi-belgii agg.","-1.095","165"
"Symphytum officinale","-0.922","1134"
"Symphytum tuberosum","-1.917","281"
"Tanacetum corymbosum","-1.838","671"
"Tanacetum vulgare","-0.371","684"
"Taraxacum sect. Erythrosperma","-0.853","55"
"Taraxacum sect. Palustria","-0.806","38"
"Taraxacum sect. Taraxacum","-0.753","4768"
"Taxus baccata","-1.924","22"
"Tephroseris crispa","-0.796","289"
"Teucrium botrys","-0.527","33"
"Teucrium chamaedrys","-1.175","534"
"Teucrium scordium","-0.483","29"
"Thalictrum aquilegiifolium","-1.688","116"
"Thalictrum flavum","-0.448","26"
"Thalictrum lucidum","-0.297","49"
"Thalictrum minus","-1.117","83"
"Thelypteris limbosperma","-1.784","20"
"Thelypteris palustris","-1.422","36"
"Thesium linophyllon","-0.901","105"
"Thlaspi arvense","0.397","1070"
"Thymus glabrescens","-0.724","129"
"Thymus pannonicus","-0.372","224"
"Thymus praecox","-0.893","474"
"Thymus pulegioides","-0.727","928"
"Thymus serpyllum","-0.998","109"
"Tilia cordata","-1.976","820"
"Tilia platyphyllos","-1.974","297"
"Tillaea aquatica","-0.301","28"
"Torilis japonica","-1.473","301"
"Tragopogon dubius","-0.208","28"
"Tragopogon orientalis","-0.17","242"
"Tragopogon pratensis","-0.327","65"
"Trapa natans","-0.497","31"
"Trichophorum alpinum","-0.804","76"
"Trichophorum cespitosum","-1.764","50"
"Trientalis europaea","-1.73","402"
"Trifolium alpestre","-1.64","388"
"Trifolium arvense","-0.311","464"
"Trifolium aureum","-0.265","30"
"Trifolium campestre","-0.273","308"
"Trifolium dubium","-0.029","456"
"Trifolium fragiferum","-0.019","73"
"Trifolium hybridum","-0.192","562"
"Trifolium medium","-0.97","449"
"Trifolium montanum","-0.734","312"
"Trifolium ochroleucon","-0.986","26"
"Trifolium pratense","-0.108","1675"
"Trifolium repens","-0.113","2252"
"Trifolium rubens","-1.153","45"
"Trifolium spadiceum","-0.249","49"
"Triglochin palustris","-0.626","72"
"Tripleurospermum inodorum","-0.015","2472"
"Tripolium pannonicum ssp. pannonicum","-0.101","46"
"Trisetum flavescens","-0.155","1358"
"Trollius altissimus","-0.547","215"
"Turritis glabra","-1.296","38"
"Tussilago farfara","-0.606","719"
"Typha angustifolia","-0.679","419"
"Typha latifolia","-0.66","967"
"Ulmus glabra","-1.967","407"
"Ulmus laevis","-1.831","36"
"Ulmus minor","-1.88","108"
"Urtica dioica","-1.428","5094"
"Urtica urens","0.185","104"
"Utricularia australis","-0.479","398"
"Utricularia minor agg.","-0.699","45"
"Vaccinium myrtillus","-1.837","2137"
"Vaccinium oxycoccos agg.","-1.798","415"
"Vaccinium uliginosum","-1.888","339"
"Vaccinium vitis-idaea","-1.832","687"
"Valeriana dioica","-0.82","843"
"Valeriana excelsa ssp. sambucifolia","-1.613","129"
"Valeriana officinalis","-1.208","141"
"Valeriana simplicifolia","-0.697","44"
"Valeriana stolonifera","-1.423","50"
"Valerianella dentata","0.224","160"
"Valerianella locusta","-0.54","82"
"Veratrum album ssp. lobelianum","-1.408","227"
"Verbascum chaixii ssp. austriacum","-1.496","129"
"Verbascum densiflorum","-0.908","33"
"Verbascum lychnitis","-1.024","282"
"Verbascum nigrum","-1.026","83"
"Verbascum phlomoides","-0.307","31"
"Verbascum phoeniceum","-0.6","71"
"Verbascum thapsus","-0.828","67"
"Verbena officinalis","-1.05","40"
"Veronica agrestis","0.528","52"
"Veronica anagallis-aquatica","-0.405","247"
"Veronica anagalloides","-0.291","21"
"Veronica arvensis","0.206","828"
"Veronica beccabunga","-1.113","323"
"Veronica catenata","-0.485","38"
"Veronica chamaedrys agg.","-1.35","3082"
"Veronica dillenii","-0.607","149"
"Veronica hederifolia agg.","-0.944","556"
"Veronica maritima","-0.366","53"
"Veronica montana","-1.891","290"
"Veronica officinalis","-1.75","850"
"Veronica opaca","0.523","29"
"Veronica orchidea","0","22"
"Veronica persica","0.372","1012"
"Veronica polita","0.404","391"
"Veronica praecox","-0.155","23"
"Veronica prostrata","-0.297","119"
"Veronica scutellata","-0.634","240"
"Veronica serpyllifolia","-0.219","185"
"Veronica spicata","-0.798","239"
"Veronica teucrium","-1.183","140"
"Veronica triloba","0.523","42"
"Veronica triphyllos","0.427","82"
"Veronica verna","-0.052","95"
"Viburnum lantana","-1.882","30"
"Viburnum opulus","-1.915","102"
"Vicia angustifolia","0.101","518"
"Vicia cracca","-0.377","1733"
"Vicia dumetorum","-1.952","35"
"Vicia hirsuta","-0.291","698"
"Vicia lathyroides","0.028","34"
"Vicia pisiformis","-1.97","38"
"Vicia sativa","0.112","122"
"Vicia sepium","-1.388","730"
"Vicia sylvatica","-1.944","120"
"Vicia tenuifolia","-1.081","107"
"Vicia tetrasperma","-0.536","614"
"Vicia villosa","0.035","68"
"Vinca minor","-1.987","32"
"Vincetoxicum hirundinaria","-1.715","524"
"Viola ambigua","-0.327","51"
"Viola arvensis","-0.112","1613"
"Viola biflora","-1.006","88"
"Viola canina","-0.701","390"
"Viola collina","-1.634","104"
"Viola hirta","-1.368","616"
"Viola lutea ssp. sudetica","-0.519","36"
"Viola mirabilis","-1.954","134"
"Viola odorata","-1.602","162"
"Viola palustris","-1.064","1027"
"Viola pumila","-0.058","28"
"Viola reichenbachiana","-1.964","1513"
"Viola riviniana","-1.907","519"
"Viola rupestris","-1.278","35"
"Viola tricolor","-0.814","181"
"Viscaria vulgaris","-1.605","390"
"Viscum album","-1.995","85"
"Willemetia stipitata","-0.888","57"
"Zannichellia palustris","-0.497","108"
